Subject,Keyboard,Posture,Posture_Order,Trial,WPM,Error_Rate
1,iPhone,Sit,1,1,21.05,0.01
1,iPhone,Sit,1,2,15.95,0.02
1,iPhone,Sit,1,3,21.51,0.01
1,iPhone,Sit,1,4,24.37,0
1,iPhone,Sit,1,5,22.58,0.05
1,iPhone,Sit,1,6,24.82,0.06
1,iPhone,Sit,1,7,24.35,0
1,iPhone,Sit,1,8,17.39,0.03
1,iPhone,Sit,1,9,20.76,0.03
1,iPhone,Sit,1,10,15.98,0.03
1,iPhone,Sit,1,11,25.52,0
1,iPhone,Sit,1,12,23.43,0.01
1,iPhone,Sit,1,13,20.94,0.03
1,iPhone,Sit,1,14,16.69,0.04
1,iPhone,Sit,1,15,17.57,0.01
1,iPhone,Sit,1,16,17.92,0.03
1,iPhone,Sit,1,17,20.46,0.02
1,iPhone,Sit,1,18,17.57,0.01
1,iPhone,Sit,1,19,16.06,0.03
1,iPhone,Sit,1,20,19.37,0.02
1,iPhone,Stand,2,1,21.42,0.04
1,iPhone,Stand,2,2,22.6,0.02
1,iPhone,Stand,2,3,20.07,0.01
1,iPhone,Stand,2,4,22.91,0.02
1,iPhone,Stand,2,5,18.89,0.04
1,iPhone,Stand,2,6,24.47,0.02
1,iPhone,Stand,2,7,30.03,0.05
1,iPhone,Stand,2,8,22.74,0.02
1,iPhone,Stand,2,9,29.58,0.02
1,iPhone,Stand,2,10,27.3,0.04
1,iPhone,Stand,2,11,24.8,0.02
1,iPhone,Stand,2,12,18.22,0.04
1,iPhone,Stand,2,13,35.61,0.03
1,iPhone,Stand,2,14,20.85,0.03
1,iPhone,Stand,2,15,21.23,0.01
1,iPhone,Stand,2,16,23.54,0.01
1,iPhone,Stand,2,17,23.08,0.04
1,iPhone,Stand,2,18,20.97,0.06
1,iPhone,Stand,2,19,19.09,0.05
1,iPhone,Stand,2,20,27.57,0.03
1,iPhone,Walk,3,1,15.5,0.03
1,iPhone,Walk,3,2,23.6,0.05
1,iPhone,Walk,3,3,15.37,0.05
1,iPhone,Walk,3,4,21.6,0.03
1,iPhone,Walk,3,5,18.19,0.09
1,iPhone,Walk,3,6,19.19,0.05
1,iPhone,Walk,3,7,25.57,0.06
1,iPhone,Walk,3,8,19,0.03
1,iPhone,Walk,3,9,29.45,0.02
1,iPhone,Walk,3,10,20.54,0.04
1,iPhone,Walk,3,11,15.22,0.04
1,iPhone,Walk,3,12,24.31,0.08
1,iPhone,Walk,3,13,19.03,0.04
1,iPhone,Walk,3,14,16.92,0.04
1,iPhone,Walk,3,15,22.86,0.04
1,iPhone,Walk,3,16,31.23,0
1,iPhone,Walk,3,17,22.39,0.03
1,iPhone,Walk,3,18,23.47,0.07
1,iPhone,Walk,3,19,20.83,0
1,iPhone,Walk,3,20,11.65,0.04
2,iPhone,Sit,1,1,21.47,0
2,iPhone,Sit,1,2,20.62,0.03
2,iPhone,Sit,1,3,20.57,0.02
2,iPhone,Sit,1,4,25.09,0.01
2,iPhone,Sit,1,5,27.17,0.04
2,iPhone,Sit,1,6,18.98,0.01
2,iPhone,Sit,1,7,17.75,0.03
2,iPhone,Sit,1,8,23.78,0.04
2,iPhone,Sit,1,9,17.5,0.03
2,iPhone,Sit,1,10,20.04,0.01
2,iPhone,Sit,1,11,21.11,0.05
2,iPhone,Sit,1,12,23.33,0.03
2,iPhone,Sit,1,13,20.26,0.02
2,iPhone,Sit,1,14,24.34,0.01
2,iPhone,Sit,1,15,19.16,0.02
2,iPhone,Sit,1,16,19.49,0
2,iPhone,Sit,1,17,18.82,0
2,iPhone,Sit,1,18,17.94,0.04
2,iPhone,Sit,1,19,20.65,0.03
2,iPhone,Sit,1,20,19.54,0.02
2,iPhone,Stand,3,1,17.44,0.01
2,iPhone,Stand,3,2,23.57,0.01
2,iPhone,Stand,3,3,25.45,0.04
2,iPhone,Stand,3,4,16.44,0.03
2,iPhone,Stand,3,5,26.19,0.01
2,iPhone,Stand,3,6,21.55,0.04
2,iPhone,Stand,3,7,21.91,0.04
2,iPhone,Stand,3,8,24.32,0.03
2,iPhone,Stand,3,9,30.8,0.03
2,iPhone,Stand,3,10,27.57,0.03
2,iPhone,Stand,3,11,23.36,0.02
2,iPhone,Stand,3,12,27.13,0.05
2,iPhone,Stand,3,13,15.22,0
2,iPhone,Stand,3,14,22.73,0.04
2,iPhone,Stand,3,15,28.39,0.02
2,iPhone,Stand,3,16,24.57,0.01
2,iPhone,Stand,3,17,23.91,0.05
2,iPhone,Stand,3,18,19.51,0.03
2,iPhone,Stand,3,19,24.26,0.01
2,iPhone,Stand,3,20,20.87,0.01
2,iPhone,Walk,2,1,21.68,0.01
2,iPhone,Walk,2,2,21.28,0.06
2,iPhone,Walk,2,3,24.05,0.03
2,iPhone,Walk,2,4,15.26,0.05
2,iPhone,Walk,2,5,27.55,0.08
2,iPhone,Walk,2,6,18.14,0.02
2,iPhone,Walk,2,7,11.15,0.06
2,iPhone,Walk,2,8,19.39,0.03
2,iPhone,Walk,2,9,24.08,0.03
2,iPhone,Walk,2,10,12.34,0.03
2,iPhone,Walk,2,11,18.1,0.03
2,iPhone,Walk,2,12,18.13,0.04
2,iPhone,Walk,2,13,14.81,0.03
2,iPhone,Walk,2,14,24.23,0.01
2,iPhone,Walk,2,15,12.69,0.02
2,iPhone,Walk,2,16,17.62,0.03
2,iPhone,Walk,2,17,15.86,0.01
2,iPhone,Walk,2,18,21.24,0.06
2,iPhone,Walk,2,19,22.08,0.02
2,iPhone,Walk,2,20,22.93,0.06
3,iPhone,Sit,2,1,19.99,0.04
3,iPhone,Sit,2,2,23.7,0.02
3,iPhone,Sit,2,3,24.42,0
3,iPhone,Sit,2,4,23.8,0
3,iPhone,Sit,2,5,20.94,0.02
3,iPhone,Sit,2,6,23.19,0.01
3,iPhone,Sit,2,7,19.19,0
3,iPhone,Sit,2,8,21.1,0.03
3,iPhone,Sit,2,9,27.58,0.01
3,iPhone,Sit,2,10,17.54,0.01
3,iPhone,Sit,2,11,18.19,0.01
3,iPhone,Sit,2,12,19.02,0.03
3,iPhone,Sit,2,13,18.21,0.02
3,iPhone,Sit,2,14,19.48,0.02
3,iPhone,Sit,2,15,22.62,0.02
3,iPhone,Sit,2,16,24.05,0.02
3,iPhone,Sit,2,17,24.74,0.02
3,iPhone,Sit,2,18,12.73,0.02
3,iPhone,Sit,2,19,23.7,0.03
3,iPhone,Sit,2,20,21.08,0.03
3,iPhone,Stand,1,1,32.13,0.02
3,iPhone,Stand,1,2,20.39,0.02
3,iPhone,Stand,1,3,25.69,0.04
3,iPhone,Stand,1,4,25.59,0.04
3,iPhone,Stand,1,5,25.17,0.01
3,iPhone,Stand,1,6,25.3,0.03
3,iPhone,Stand,1,7,27.62,0
3,iPhone,Stand,1,8,23.1,0.01
3,iPhone,Stand,1,9,18.83,0.06
3,iPhone,Stand,1,10,20.04,0.01
3,iPhone,Stand,1,11,17.48,0.05
3,iPhone,Stand,1,12,24.66,0
3,iPhone,Stand,1,13,25.47,0.03
3,iPhone,Stand,1,14,23.01,0.07
3,iPhone,Stand,1,15,30.74,0.03
3,iPhone,Stand,1,16,21.03,0.03
3,iPhone,Stand,1,17,19.9,0.01
3,iPhone,Stand,1,18,20.11,0.03
3,iPhone,Stand,1,19,23.34,0.04
3,iPhone,Stand,1,20,20.29,0.04
3,iPhone,Walk,3,1,30.69,0.04
3,iPhone,Walk,3,2,24.12,0.04
3,iPhone,Walk,3,3,21.45,0.04
3,iPhone,Walk,3,4,18.48,0.03
3,iPhone,Walk,3,5,28.34,0.02
3,iPhone,Walk,3,6,11.99,0.04
3,iPhone,Walk,3,7,21.87,0.04
3,iPhone,Walk,3,8,18.76,0.03
3,iPhone,Walk,3,9,19,0.07
3,iPhone,Walk,3,10,12.18,0.03
3,iPhone,Walk,3,11,20.68,0.04
3,iPhone,Walk,3,12,15.13,0.06
3,iPhone,Walk,3,13,12.75,0.05
3,iPhone,Walk,3,14,34.9,0.07
3,iPhone,Walk,3,15,23.25,0.04
3,iPhone,Walk,3,16,19.48,0.04
3,iPhone,Walk,3,17,18.52,0.02
3,iPhone,Walk,3,18,27.2,0
3,iPhone,Walk,3,19,15.68,0.04
3,iPhone,Walk,3,20,22.62,0.05
4,iPhone,Sit,2,1,21.12,0.02
4,iPhone,Sit,2,2,19.88,0.02
4,iPhone,Sit,2,3,18.71,0
4,iPhone,Sit,2,4,22.59,0.02
4,iPhone,Sit,2,5,19.67,0
4,iPhone,Sit,2,6,19.53,0.02
4,iPhone,Sit,2,7,17.82,0.01
4,iPhone,Sit,2,8,17.03,0.02
4,iPhone,Sit,2,9,26.83,0.04
4,iPhone,Sit,2,10,23.15,0.03
4,iPhone,Sit,2,11,22.45,0.02
4,iPhone,Sit,2,12,17.89,0.01
4,iPhone,Sit,2,13,22.01,0.03
4,iPhone,Sit,2,14,20.54,0.03
4,iPhone,Sit,2,15,24.24,0.02
4,iPhone,Sit,2,16,18.41,0.05
4,iPhone,Sit,2,17,15.38,0.01
4,iPhone,Sit,2,18,22.29,0
4,iPhone,Sit,2,19,18.75,0
4,iPhone,Sit,2,20,25.87,0.03
4,iPhone,Stand,3,1,24.01,0.06
4,iPhone,Stand,3,2,24.42,0.03
4,iPhone,Stand,3,3,33.73,0.01
4,iPhone,Stand,3,4,22.79,0.03
4,iPhone,Stand,3,5,23.63,0.05
4,iPhone,Stand,3,6,24.34,0.04
4,iPhone,Stand,3,7,24.9,0.05
4,iPhone,Stand,3,8,14.92,0.01
4,iPhone,Stand,3,9,24.03,0.04
4,iPhone,Stand,3,10,24.81,0.05
4,iPhone,Stand,3,11,16.73,0.06
4,iPhone,Stand,3,12,29.66,0.05
4,iPhone,Stand,3,13,31.43,0.04
4,iPhone,Stand,3,14,19.48,0.03
4,iPhone,Stand,3,15,24.8,0.03
4,iPhone,Stand,3,16,24.53,0.01
4,iPhone,Stand,3,17,22.97,0.01
4,iPhone,Stand,3,18,26.53,0.05
4,iPhone,Stand,3,19,22.47,0.05
4,iPhone,Stand,3,20,18.26,0
4,iPhone,Walk,1,1,15.43,0.03
4,iPhone,Walk,1,2,14.14,0.02
4,iPhone,Walk,1,3,19.99,0.05
4,iPhone,Walk,1,4,21.66,0.05
4,iPhone,Walk,1,5,17.17,0.01
4,iPhone,Walk,1,6,13.75,0.03
4,iPhone,Walk,1,7,22.23,0.03
4,iPhone,Walk,1,8,11.33,0.04
4,iPhone,Walk,1,9,21.77,0.04
4,iPhone,Walk,1,10,20.23,0.03
4,iPhone,Walk,1,11,20.26,0.05
4,iPhone,Walk,1,12,25.57,0.04
4,iPhone,Walk,1,13,25.15,0.04
4,iPhone,Walk,1,14,12.04,0.04
4,iPhone,Walk,1,15,16.33,0.06
4,iPhone,Walk,1,16,19.79,0.03
4,iPhone,Walk,1,17,14.65,0.02
4,iPhone,Walk,1,18,21.88,0.06
4,iPhone,Walk,1,19,11.5,0.08
4,iPhone,Walk,1,20,20.28,0.06
5,iPhone,Sit,3,1,22.25,0.01
5,iPhone,Sit,3,2,15.2,0.03
5,iPhone,Sit,3,3,21.29,0.01
5,iPhone,Sit,3,4,23.21,0.01
5,iPhone,Sit,3,5,20.52,0
5,iPhone,Sit,3,6,18.79,0.01
5,iPhone,Sit,3,7,17.27,0.04
5,iPhone,Sit,3,8,19.14,0.02
5,iPhone,Sit,3,9,25.83,0.01
5,iPhone,Sit,3,10,20.28,0.01
5,iPhone,Sit,3,11,21.95,0.02
5,iPhone,Sit,3,12,22.72,0.02
5,iPhone,Sit,3,13,24.09,0.03
5,iPhone,Sit,3,14,21.32,0.01
5,iPhone,Sit,3,15,22.8,0.03
5,iPhone,Sit,3,16,16.78,0.02
5,iPhone,Sit,3,17,19.18,0
5,iPhone,Sit,3,18,24.65,0.01
5,iPhone,Sit,3,19,25.07,0.04
5,iPhone,Sit,3,20,17.81,0.01
5,iPhone,Stand,1,1,31.01,0.04
5,iPhone,Stand,1,2,23.87,0.07
5,iPhone,Stand,1,3,26.18,0.02
5,iPhone,Stand,1,4,20.54,0.02
5,iPhone,Stand,1,5,25.56,0.03
5,iPhone,Stand,1,6,17.97,0.06
5,iPhone,Stand,1,7,30.02,0.02
5,iPhone,Stand,1,8,23.53,0.01
5,iPhone,Stand,1,9,23.67,0
5,iPhone,Stand,1,10,24.12,0.03
5,iPhone,Stand,1,11,19.7,0.02
5,iPhone,Stand,1,12,24.44,0.05
5,iPhone,Stand,1,13,18.49,0.04
5,iPhone,Stand,1,14,22.21,0.02
5,iPhone,Stand,1,15,22.08,0.02
5,iPhone,Stand,1,16,19.28,0.04
5,iPhone,Stand,1,17,26.37,0.02
5,iPhone,Stand,1,18,32.64,0.04
5,iPhone,Stand,1,19,14.07,0.03
5,iPhone,Stand,1,20,23.65,0.03
5,iPhone,Walk,2,1,19.16,0.04
5,iPhone,Walk,2,2,15.34,0.03
5,iPhone,Walk,2,3,19.18,0.05
5,iPhone,Walk,2,4,14.79,0.06
5,iPhone,Walk,2,5,22.62,0.01
5,iPhone,Walk,2,6,17.58,0.04
5,iPhone,Walk,2,7,14.61,0.05
5,iPhone,Walk,2,8,17.47,0.06
5,iPhone,Walk,2,9,17.68,0.1
5,iPhone,Walk,2,10,16.96,0.09
5,iPhone,Walk,2,11,18.49,0.06
5,iPhone,Walk,2,12,18.3,0.01
5,iPhone,Walk,2,13,18.68,0.08
5,iPhone,Walk,2,14,7.96,0.06
5,iPhone,Walk,2,15,18.98,0.05
5,iPhone,Walk,2,16,17.85,0.05
5,iPhone,Walk,2,17,19.84,0.03
5,iPhone,Walk,2,18,21.2,0.07
5,iPhone,Walk,2,19,20.7,0.03
5,iPhone,Walk,2,20,16.82,0.03
6,iPhone,Sit,3,1,22.05,0.01
6,iPhone,Sit,3,2,20.74,0.04
6,iPhone,Sit,3,3,17.93,0.02
6,iPhone,Sit,3,4,24.86,0.03
6,iPhone,Sit,3,5,25.55,0.02
6,iPhone,Sit,3,6,19.07,0.04
6,iPhone,Sit,3,7,23.47,0.03
6,iPhone,Sit,3,8,19.76,0.02
6,iPhone,Sit,3,9,19.34,0
6,iPhone,Sit,3,10,16.59,0.02
6,iPhone,Sit,3,11,18.81,0.01
6,iPhone,Sit,3,12,22.24,0.05
6,iPhone,Sit,3,13,20.1,0.03
6,iPhone,Sit,3,14,18.03,0.01
6,iPhone,Sit,3,15,14.49,0.01
6,iPhone,Sit,3,16,18.54,0.02
6,iPhone,Sit,3,17,19.47,0.01
6,iPhone,Sit,3,18,9.85,0.02
6,iPhone,Sit,3,19,22.98,0.04
6,iPhone,Sit,3,20,24.36,0.02
6,iPhone,Stand,2,1,24.35,0.04
6,iPhone,Stand,2,2,17.93,0.03
6,iPhone,Stand,2,3,24.28,0.05
6,iPhone,Stand,2,4,25.8,0.01
6,iPhone,Stand,2,5,20.26,0.05
6,iPhone,Stand,2,6,25.71,0.03
6,iPhone,Stand,2,7,22.61,0.04
6,iPhone,Stand,2,8,19.92,0.02
6,iPhone,Stand,2,9,23.44,0
6,iPhone,Stand,2,10,25.62,0
6,iPhone,Stand,2,11,18.12,0.03
6,iPhone,Stand,2,12,27.17,0.02
6,iPhone,Stand,2,13,22.74,0.02
6,iPhone,Stand,2,14,25.44,0.05
6,iPhone,Stand,2,15,29.76,0.05
6,iPhone,Stand,2,16,29.66,0.06
6,iPhone,Stand,2,17,26.24,0.05
6,iPhone,Stand,2,18,24.21,0.03
6,iPhone,Stand,2,19,22.01,0.03
6,iPhone,Stand,2,20,30.68,0.03
6,iPhone,Walk,1,1,12.96,0.04
6,iPhone,Walk,1,2,17.46,0.05
6,iPhone,Walk,1,3,25.81,0.04
6,iPhone,Walk,1,4,23.54,0.03
6,iPhone,Walk,1,5,31.68,0.04
6,iPhone,Walk,1,6,12.49,0.03
6,iPhone,Walk,1,7,18.62,0.06
6,iPhone,Walk,1,8,13.31,0.03
6,iPhone,Walk,1,9,23.96,0.05
6,iPhone,Walk,1,10,19.85,0.04
6,iPhone,Walk,1,11,28.53,0.07
6,iPhone,Walk,1,12,15.82,0.04
6,iPhone,Walk,1,13,26.65,0.01
6,iPhone,Walk,1,14,27.04,0.05
6,iPhone,Walk,1,15,15.89,0.05
6,iPhone,Walk,1,16,10.29,0.07
6,iPhone,Walk,1,17,25.37,0.06
6,iPhone,Walk,1,18,12.02,0.04
6,iPhone,Walk,1,19,15.61,0.02
6,iPhone,Walk,1,20,20.2,0.01
7,iPhone,Sit,1,1,22.28,0.02
7,iPhone,Sit,1,2,28.15,0.02
7,iPhone,Sit,1,3,19.59,0
7,iPhone,Sit,1,4,24.65,0.02
7,iPhone,Sit,1,5,21.65,0.03
7,iPhone,Sit,1,6,26.52,0
7,iPhone,Sit,1,7,23.45,0.01
7,iPhone,Sit,1,8,17.77,0.01
7,iPhone,Sit,1,9,22.53,0.02
7,iPhone,Sit,1,10,21.17,0
7,iPhone,Sit,1,11,17.66,0.03
7,iPhone,Sit,1,12,22.46,0.03
7,iPhone,Sit,1,13,22.25,0.02
7,iPhone,Sit,1,14,18.68,0.02
7,iPhone,Sit,1,15,22.65,0
7,iPhone,Sit,1,16,22.8,0.02
7,iPhone,Sit,1,17,22.25,0
7,iPhone,Sit,1,18,19.05,0.02
7,iPhone,Sit,1,19,20.8,0.03
7,iPhone,Sit,1,20,25.74,0.01
7,iPhone,Stand,2,1,17.15,0.01
7,iPhone,Stand,2,2,29.59,0.03
7,iPhone,Stand,2,3,24.72,0.04
7,iPhone,Stand,2,4,21.88,0.04
7,iPhone,Stand,2,5,28.77,0.05
7,iPhone,Stand,2,6,26.38,0.02
7,iPhone,Stand,2,7,28.05,0.05
7,iPhone,Stand,2,8,25.66,0
7,iPhone,Stand,2,9,25.37,0.01
7,iPhone,Stand,2,10,23.46,0.02
7,iPhone,Stand,2,11,23.12,0.05
7,iPhone,Stand,2,12,21.11,0.04
7,iPhone,Stand,2,13,25.98,0.02
7,iPhone,Stand,2,14,21.93,0.02
7,iPhone,Stand,2,15,31.91,0.05
7,iPhone,Stand,2,16,23.93,0.07
7,iPhone,Stand,2,17,29.38,0.01
7,iPhone,Stand,2,18,28.64,0.05
7,iPhone,Stand,2,19,26.13,0.03
7,iPhone,Stand,2,20,24.44,0.01
7,iPhone,Walk,3,1,22.82,0.07
7,iPhone,Walk,3,2,15.16,0.04
7,iPhone,Walk,3,3,8.6,0.04
7,iPhone,Walk,3,4,18.5,0.04
7,iPhone,Walk,3,5,15.38,0.04
7,iPhone,Walk,3,6,23.54,0.06
7,iPhone,Walk,3,7,17.18,0.06
7,iPhone,Walk,3,8,15.4,0.04
7,iPhone,Walk,3,9,18.35,0.03
7,iPhone,Walk,3,10,15.19,0.02
7,iPhone,Walk,3,11,18.21,0.04
7,iPhone,Walk,3,12,14.99,0.03
7,iPhone,Walk,3,13,20.99,0.02
7,iPhone,Walk,3,14,21.45,0
7,iPhone,Walk,3,15,14.76,0.05
7,iPhone,Walk,3,16,22.07,0.05
7,iPhone,Walk,3,17,14.36,0.02
7,iPhone,Walk,3,18,15.88,0.03
7,iPhone,Walk,3,19,16.87,0.06
7,iPhone,Walk,3,20,20.56,0.01
8,iPhone,Sit,1,1,18.63,0.02
8,iPhone,Sit,1,2,18.08,0
8,iPhone,Sit,1,3,19.35,0.02
8,iPhone,Sit,1,4,28.55,0.01
8,iPhone,Sit,1,5,22.24,0.01
8,iPhone,Sit,1,6,18.95,0.07
8,iPhone,Sit,1,7,20.4,0.05
8,iPhone,Sit,1,8,25.17,0.04
8,iPhone,Sit,1,9,17.3,0.03
8,iPhone,Sit,1,10,21.05,0.02
8,iPhone,Sit,1,11,19.51,0.05
8,iPhone,Sit,1,12,22.37,0.03
8,iPhone,Sit,1,13,18.77,0.03
8,iPhone,Sit,1,14,22.05,0.01
8,iPhone,Sit,1,15,19.74,0.01
8,iPhone,Sit,1,16,19.18,0.01
8,iPhone,Sit,1,17,21.12,0.02
8,iPhone,Sit,1,18,17.67,0.03
8,iPhone,Sit,1,19,21.55,0.01
8,iPhone,Sit,1,20,19.78,0
8,iPhone,Stand,3,1,29,0.03
8,iPhone,Stand,3,2,25.74,0.03
8,iPhone,Stand,3,3,26.79,0.01
8,iPhone,Stand,3,4,31.76,0.04
8,iPhone,Stand,3,5,16.69,0.01
8,iPhone,Stand,3,6,22.73,0.06
8,iPhone,Stand,3,7,23.79,0.08
8,iPhone,Stand,3,8,28.53,0.05
8,iPhone,Stand,3,9,29.32,0.03
8,iPhone,Stand,3,10,31.9,0.02
8,iPhone,Stand,3,11,22.14,0.01
8,iPhone,Stand,3,12,24.99,0.02
8,iPhone,Stand,3,13,26.98,0.01
8,iPhone,Stand,3,14,26.28,0.01
8,iPhone,Stand,3,15,29.2,0.01
8,iPhone,Stand,3,16,24.87,0.03
8,iPhone,Stand,3,17,14.81,0.02
8,iPhone,Stand,3,18,23.44,0.02
8,iPhone,Stand,3,19,20.89,0.04
8,iPhone,Stand,3,20,23.01,0.04
8,iPhone,Walk,2,1,23.87,0.02
8,iPhone,Walk,2,2,21.74,0.01
8,iPhone,Walk,2,3,29.63,0.02
8,iPhone,Walk,2,4,15.56,0.06
8,iPhone,Walk,2,5,17.72,0.03
8,iPhone,Walk,2,6,24.57,0.01
8,iPhone,Walk,2,7,14.64,0.04
8,iPhone,Walk,2,8,26.62,0.03
8,iPhone,Walk,2,9,19.56,0.06
8,iPhone,Walk,2,10,15.91,0.06
8,iPhone,Walk,2,11,20.3,0.02
8,iPhone,Walk,2,12,20.41,0.04
8,iPhone,Walk,2,13,21.33,0.06
8,iPhone,Walk,2,14,26.66,0.02
8,iPhone,Walk,2,15,26.08,0.05
8,iPhone,Walk,2,16,20.63,0.05
8,iPhone,Walk,2,17,15.07,0.06
8,iPhone,Walk,2,18,20.22,0.04
8,iPhone,Walk,2,19,20.44,0.02
8,iPhone,Walk,2,20,11.52,0.01
9,iPhone,Sit,2,1,18.29,0
9,iPhone,Sit,2,2,17.46,0.02
9,iPhone,Sit,2,3,24.18,0.02
9,iPhone,Sit,2,4,26.37,0.02
9,iPhone,Sit,2,5,23.72,0.02
9,iPhone,Sit,2,6,23.54,0.02
9,iPhone,Sit,2,7,20.82,0.01
9,iPhone,Sit,2,8,22.36,0.04
9,iPhone,Sit,2,9,20.06,0.01
9,iPhone,Sit,2,10,19.14,0.01
9,iPhone,Sit,2,11,25.88,0.02
9,iPhone,Sit,2,12,19.3,0.03
9,iPhone,Sit,2,13,21.03,0.02
9,iPhone,Sit,2,14,19.01,0.03
9,iPhone,Sit,2,15,17.45,0.04
9,iPhone,Sit,2,16,22.63,0.01
9,iPhone,Sit,2,17,20.26,0.04
9,iPhone,Sit,2,18,22.87,0
9,iPhone,Sit,2,19,18.55,0.03
9,iPhone,Sit,2,20,17.54,0.02
9,iPhone,Stand,1,1,25.29,0.06
9,iPhone,Stand,1,2,26.11,0.03
9,iPhone,Stand,1,3,30.41,0.02
9,iPhone,Stand,1,4,19.46,0.01
9,iPhone,Stand,1,5,30.45,0.01
9,iPhone,Stand,1,6,21.04,0
9,iPhone,Stand,1,7,23.77,0.04
9,iPhone,Stand,1,8,25.15,0.01
9,iPhone,Stand,1,9,22.22,0
9,iPhone,Stand,1,10,24.47,0.06
9,iPhone,Stand,1,11,30.16,0.04
9,iPhone,Stand,1,12,23.98,0.05
9,iPhone,Stand,1,13,23.88,0.04
9,iPhone,Stand,1,14,27.3,0.03
9,iPhone,Stand,1,15,21.37,0.04
9,iPhone,Stand,1,16,18.14,0.03
9,iPhone,Stand,1,17,10.76,0.01
9,iPhone,Stand,1,18,15.57,0.05
9,iPhone,Stand,1,19,24.26,0.07
9,iPhone,Stand,1,20,23.26,0.02
9,iPhone,Walk,3,1,14.72,0.04
9,iPhone,Walk,3,2,15.73,0.05
9,iPhone,Walk,3,3,17.97,0.09
9,iPhone,Walk,3,4,17.09,0.06
9,iPhone,Walk,3,5,16.81,0.01
9,iPhone,Walk,3,6,25.52,0.07
9,iPhone,Walk,3,7,15.18,0.02
9,iPhone,Walk,3,8,3.76,0.06
9,iPhone,Walk,3,9,21.83,0.08
9,iPhone,Walk,3,10,10.62,0.01
9,iPhone,Walk,3,11,21.63,0.05
9,iPhone,Walk,3,12,14.09,0
9,iPhone,Walk,3,13,13.22,0.02
9,iPhone,Walk,3,14,20.3,0.05
9,iPhone,Walk,3,15,17.08,0.04
9,iPhone,Walk,3,16,24.66,0.03
9,iPhone,Walk,3,17,22.39,0.07
9,iPhone,Walk,3,18,16.16,0.04
9,iPhone,Walk,3,19,17.84,0.02
9,iPhone,Walk,3,20,25.26,0.03
10,iPhone,Sit,2,1,15.83,0.02
10,iPhone,Sit,2,2,22.71,0
10,iPhone,Sit,2,3,18.16,0.02
10,iPhone,Sit,2,4,20.17,0.02
10,iPhone,Sit,2,5,18.55,0
10,iPhone,Sit,2,6,27.97,0.01
10,iPhone,Sit,2,7,19.56,0.05
10,iPhone,Sit,2,8,22.66,0.01
10,iPhone,Sit,2,9,23.41,0.03
10,iPhone,Sit,2,10,20.13,0.05
10,iPhone,Sit,2,11,13.57,0.03
10,iPhone,Sit,2,12,22.51,0.02
10,iPhone,Sit,2,13,22.47,0
10,iPhone,Sit,2,14,20.67,0.02
10,iPhone,Sit,2,15,20.68,0.02
10,iPhone,Sit,2,16,24.34,0.02
10,iPhone,Sit,2,17,15.74,0.02
10,iPhone,Sit,2,18,19.25,0.03
10,iPhone,Sit,2,19,16.77,0.03
10,iPhone,Sit,2,20,18.68,0.01
10,iPhone,Stand,3,1,24.49,0.02
10,iPhone,Stand,3,2,15.49,0.02
10,iPhone,Stand,3,3,22.21,0.05
10,iPhone,Stand,3,4,17.36,0.05
10,iPhone,Stand,3,5,20.6,0.02
10,iPhone,Stand,3,6,24.52,0.04
10,iPhone,Stand,3,7,24.37,0.01
10,iPhone,Stand,3,8,24.37,0.01
10,iPhone,Stand,3,9,22.67,0.01
10,iPhone,Stand,3,10,24.13,0.03
10,iPhone,Stand,3,11,18.01,0.04
10,iPhone,Stand,3,12,24.82,0.07
10,iPhone,Stand,3,13,25.65,0.03
10,iPhone,Stand,3,14,27.88,0.03
10,iPhone,Stand,3,15,25,0.03
10,iPhone,Stand,3,16,21.49,0
10,iPhone,Stand,3,17,16.45,0.02
10,iPhone,Stand,3,18,18.38,0.03
10,iPhone,Stand,3,19,30.67,0.02
10,iPhone,Stand,3,20,19.52,0.02
10,iPhone,Walk,1,1,19.71,0.02
10,iPhone,Walk,1,2,14.16,0.02
10,iPhone,Walk,1,3,14.88,0.01
10,iPhone,Walk,1,4,13.54,0.07
10,iPhone,Walk,1,5,20.35,0.06
10,iPhone,Walk,1,6,28.97,0.03
10,iPhone,Walk,1,7,20.89,0.05
10,iPhone,Walk,1,8,23.17,0.05
10,iPhone,Walk,1,9,18.7,0.05
10,iPhone,Walk,1,10,23.74,0.05
10,iPhone,Walk,1,11,19.45,0.05
10,iPhone,Walk,1,12,21.39,0.02
10,iPhone,Walk,1,13,19.73,0.01
10,iPhone,Walk,1,14,13.97,0.05
10,iPhone,Walk,1,15,21.62,0.02
10,iPhone,Walk,1,16,12.63,0.03
10,iPhone,Walk,1,17,17.62,0.06
10,iPhone,Walk,1,18,14.12,0.05
10,iPhone,Walk,1,19,26.45,0.09
10,iPhone,Walk,1,20,14.41,0.01
11,iPhone,Sit,3,1,26.01,0.02
11,iPhone,Sit,3,2,25.27,0.02
11,iPhone,Sit,3,3,22.38,0
11,iPhone,Sit,3,4,22.11,0.01
11,iPhone,Sit,3,5,21.84,0.02
11,iPhone,Sit,3,6,22.21,0.03
11,iPhone,Sit,3,7,17.6,0.04
11,iPhone,Sit,3,8,21.8,0.02
11,iPhone,Sit,3,9,24.64,0.02
11,iPhone,Sit,3,10,23.57,0.02
11,iPhone,Sit,3,11,22.79,0
11,iPhone,Sit,3,12,21.01,0.01
11,iPhone,Sit,3,13,21.79,0.02
11,iPhone,Sit,3,14,20.34,0.03
11,iPhone,Sit,3,15,18.27,0
11,iPhone,Sit,3,16,23.57,0.02
11,iPhone,Sit,3,17,22.91,0
11,iPhone,Sit,3,18,20.43,0.03
11,iPhone,Sit,3,19,19.97,0.02
11,iPhone,Sit,3,20,21.99,0.02
11,iPhone,Stand,1,1,14.3,0.02
11,iPhone,Stand,1,2,23.45,0.05
11,iPhone,Stand,1,3,23.39,0.05
11,iPhone,Stand,1,4,20.73,0.02
11,iPhone,Stand,1,5,23.96,0.02
11,iPhone,Stand,1,6,26.2,0.04
11,iPhone,Stand,1,7,24.23,0.02
11,iPhone,Stand,1,8,23.45,0.05
11,iPhone,Stand,1,9,31.89,0.02
11,iPhone,Stand,1,10,27.3,0.04
11,iPhone,Stand,1,11,18.25,0.03
11,iPhone,Stand,1,12,22.27,0.03
11,iPhone,Stand,1,13,26.71,0.04
11,iPhone,Stand,1,14,28.49,0.04
11,iPhone,Stand,1,15,27.87,0.02
11,iPhone,Stand,1,16,21.01,0.01
11,iPhone,Stand,1,17,24.48,0.03
11,iPhone,Stand,1,18,26.62,0.02
11,iPhone,Stand,1,19,23.52,0.03
11,iPhone,Stand,1,20,21.25,0.05
11,iPhone,Walk,2,1,19.35,0.03
11,iPhone,Walk,2,2,18.64,0.02
11,iPhone,Walk,2,3,22.84,0.05
11,iPhone,Walk,2,4,23.4,0.04
11,iPhone,Walk,2,5,18.34,0.05
11,iPhone,Walk,2,6,27.09,0
11,iPhone,Walk,2,7,19.38,0.03
11,iPhone,Walk,2,8,11.83,0.04
11,iPhone,Walk,2,9,22.82,0.06
11,iPhone,Walk,2,10,25.07,0.05
11,iPhone,Walk,2,11,16.43,0.05
11,iPhone,Walk,2,12,11.59,0.06
11,iPhone,Walk,2,13,22.22,0.01
11,iPhone,Walk,2,14,23.48,0.04
11,iPhone,Walk,2,15,18.96,0.03
11,iPhone,Walk,2,16,22.64,0.05
11,iPhone,Walk,2,17,25.48,0.05
11,iPhone,Walk,2,18,23.21,0.03
11,iPhone,Walk,2,19,18.88,0.05
11,iPhone,Walk,2,20,28.84,0.06
12,iPhone,Sit,3,1,27.04,0.03
12,iPhone,Sit,3,2,22.95,0.04
12,iPhone,Sit,3,3,18.37,0.02
12,iPhone,Sit,3,4,22.84,0.02
12,iPhone,Sit,3,5,22.47,0.01
12,iPhone,Sit,3,6,21.76,0.01
12,iPhone,Sit,3,7,22.34,0.04
12,iPhone,Sit,3,8,21.26,0.02
12,iPhone,Sit,3,9,20.39,0
12,iPhone,Sit,3,10,17.53,0
12,iPhone,Sit,3,11,19.73,0.04
12,iPhone,Sit,3,12,24.27,0
12,iPhone,Sit,3,13,18.19,0.04
12,iPhone,Sit,3,14,19.75,0.02
12,iPhone,Sit,3,15,27.3,0.02
12,iPhone,Sit,3,16,25.05,0.02
12,iPhone,Sit,3,17,21.46,0.02
12,iPhone,Sit,3,18,17.78,0
12,iPhone,Sit,3,19,23.99,0.03
12,iPhone,Sit,3,20,17.27,0.03
12,iPhone,Stand,2,1,23.99,0.01
12,iPhone,Stand,2,2,26.04,0.03
12,iPhone,Stand,2,3,23.7,0.02
12,iPhone,Stand,2,4,24.25,0.01
12,iPhone,Stand,2,5,22.35,0.01
12,iPhone,Stand,2,6,19.96,0.05
12,iPhone,Stand,2,7,26.18,0
12,iPhone,Stand,2,8,30.44,0.04
12,iPhone,Stand,2,9,19.19,0.05
12,iPhone,Stand,2,10,19.78,0.04
12,iPhone,Stand,2,11,29.07,0.03
12,iPhone,Stand,2,12,17.85,0.05
12,iPhone,Stand,2,13,19.3,0.04
12,iPhone,Stand,2,14,20.24,0.04
12,iPhone,Stand,2,15,30.56,0.02
12,iPhone,Stand,2,16,25.69,0.03
12,iPhone,Stand,2,17,33.29,0.03
12,iPhone,Stand,2,18,22.71,0.01
12,iPhone,Stand,2,19,20.13,0.02
12,iPhone,Stand,2,20,36.39,0.01
12,iPhone,Walk,1,1,18.89,0.04
12,iPhone,Walk,1,2,16.7,0.01
12,iPhone,Walk,1,3,17.89,0.07
12,iPhone,Walk,1,4,23.71,0.05
12,iPhone,Walk,1,5,17.35,0.01
12,iPhone,Walk,1,6,17.75,0.09
12,iPhone,Walk,1,7,14.03,0.03
12,iPhone,Walk,1,8,17.72,0.03
12,iPhone,Walk,1,9,19.53,0.02
12,iPhone,Walk,1,10,6.82,0.06
12,iPhone,Walk,1,11,21.43,0.02
12,iPhone,Walk,1,12,18.23,0.03
12,iPhone,Walk,1,13,19.87,0.04
12,iPhone,Walk,1,14,30.84,0.04
12,iPhone,Walk,1,15,19.44,0.04
12,iPhone,Walk,1,16,14.37,0.04
12,iPhone,Walk,1,17,26.96,0.03
12,iPhone,Walk,1,18,13.13,0.02
12,iPhone,Walk,1,19,17.04,0.01
12,iPhone,Walk,1,20,17.81,0.02
13,Galaxy,Sit,1,1,22.35,0.03
13,Galaxy,Sit,1,2,24.21,0.03
13,Galaxy,Sit,1,3,22.55,0.01
13,Galaxy,Sit,1,4,25.5,0.01
13,Galaxy,Sit,1,5,22.91,0.03
13,Galaxy,Sit,1,6,21.34,0.02
13,Galaxy,Sit,1,7,23.73,0.03
13,Galaxy,Sit,1,8,24.71,0.01
13,Galaxy,Sit,1,9,22.22,0
13,Galaxy,Sit,1,10,26.52,0
13,Galaxy,Sit,1,11,24.08,0
13,Galaxy,Sit,1,12,22.91,0.04
13,Galaxy,Sit,1,13,23.57,0.01
13,Galaxy,Sit,1,14,25,0.05
13,Galaxy,Sit,1,15,22.24,0.01
13,Galaxy,Sit,1,16,26.49,0.01
13,Galaxy,Sit,1,17,23.23,0
13,Galaxy,Sit,1,18,22.09,0.02
13,Galaxy,Sit,1,19,24.66,0.02
13,Galaxy,Sit,1,20,21.11,0.03
13,Galaxy,Stand,2,1,20.22,0.02
13,Galaxy,Stand,2,2,24.83,0.01
13,Galaxy,Stand,2,3,24.73,0.03
13,Galaxy,Stand,2,4,24.1,0.07
13,Galaxy,Stand,2,5,20.84,0.03
13,Galaxy,Stand,2,6,23,0.04
13,Galaxy,Stand,2,7,20.81,0.01
13,Galaxy,Stand,2,8,23.92,0.02
13,Galaxy,Stand,2,9,19.79,0.01
13,Galaxy,Stand,2,10,18.04,0.02
13,Galaxy,Stand,2,11,21.5,0.04
13,Galaxy,Stand,2,12,20.88,0.02
13,Galaxy,Stand,2,13,20.55,0.03
13,Galaxy,Stand,2,14,14.22,0.01
13,Galaxy,Stand,2,15,22.51,0.01
13,Galaxy,Stand,2,16,21.69,0.03
13,Galaxy,Stand,2,17,22.51,0.05
13,Galaxy,Stand,2,18,22.05,0.01
13,Galaxy,Stand,2,19,23.05,0.03
13,Galaxy,Stand,2,20,23.85,0.01
13,Galaxy,Walk,3,1,6.08,0.02
13,Galaxy,Walk,3,2,14.71,0.08
13,Galaxy,Walk,3,3,11.9,0.03
13,Galaxy,Walk,3,4,23.84,0.1
13,Galaxy,Walk,3,5,10.2,0.1
13,Galaxy,Walk,3,6,9.96,0.13
13,Galaxy,Walk,3,7,9.69,0.06
13,Galaxy,Walk,3,8,9.78,0.04
13,Galaxy,Walk,3,9,11.81,0.05
13,Galaxy,Walk,3,10,19.52,0.08
13,Galaxy,Walk,3,11,14.53,0.04
13,Galaxy,Walk,3,12,16.29,0.06
13,Galaxy,Walk,3,13,7.7,0.06
13,Galaxy,Walk,3,14,7.74,0.08
13,Galaxy,Walk,3,15,13.59,0.08
13,Galaxy,Walk,3,16,18.56,0.05
13,Galaxy,Walk,3,17,13,0.09
13,Galaxy,Walk,3,18,14.35,0.09
13,Galaxy,Walk,3,19,16.81,0.03
13,Galaxy,Walk,3,20,8.76,0.1
14,Galaxy,Sit,1,1,22.61,0
14,Galaxy,Sit,1,2,26.39,0.01
14,Galaxy,Sit,1,3,23.99,0.03
14,Galaxy,Sit,1,4,27.68,0.01
14,Galaxy,Sit,1,5,23.07,0.01
14,Galaxy,Sit,1,6,25.28,0.04
14,Galaxy,Sit,1,7,24.26,0.03
14,Galaxy,Sit,1,8,19.75,0.04
14,Galaxy,Sit,1,9,21.28,0.02
14,Galaxy,Sit,1,10,23.98,0.02
14,Galaxy,Sit,1,11,22.12,0.02
14,Galaxy,Sit,1,12,24.21,0.02
14,Galaxy,Sit,1,13,22.96,0.04
14,Galaxy,Sit,1,14,24.98,0.03
14,Galaxy,Sit,1,15,21.99,0.02
14,Galaxy,Sit,1,16,25.61,0.02
14,Galaxy,Sit,1,17,23.71,0.02
14,Galaxy,Sit,1,18,21.18,0.02
14,Galaxy,Sit,1,19,23.19,0.03
14,Galaxy,Sit,1,20,24.27,0.01
14,Galaxy,Stand,3,1,22.03,0.03
14,Galaxy,Stand,3,2,23.3,0.05
14,Galaxy,Stand,3,3,23.12,0.03
14,Galaxy,Stand,3,4,25.63,0.06
14,Galaxy,Stand,3,5,19.3,0
14,Galaxy,Stand,3,6,18.72,0.01
14,Galaxy,Stand,3,7,15.54,0.01
14,Galaxy,Stand,3,8,19.27,0.07
14,Galaxy,Stand,3,9,22.04,0.04
14,Galaxy,Stand,3,10,19.27,0.04
14,Galaxy,Stand,3,11,21.89,0.03
14,Galaxy,Stand,3,12,29.04,0.02
14,Galaxy,Stand,3,13,19.33,0.03
14,Galaxy,Stand,3,14,22.73,0.01
14,Galaxy,Stand,3,15,21.93,0.03
14,Galaxy,Stand,3,16,21.11,0
14,Galaxy,Stand,3,17,21.94,0.06
14,Galaxy,Stand,3,18,18.92,0.04
14,Galaxy,Stand,3,19,20.82,0.04
14,Galaxy,Stand,3,20,14.88,0.01
14,Galaxy,Walk,2,1,15.56,0.09
14,Galaxy,Walk,2,2,9.73,0.08
14,Galaxy,Walk,2,3,5.84,0.06
14,Galaxy,Walk,2,4,2.18,0.04
14,Galaxy,Walk,2,5,10.38,0.06
14,Galaxy,Walk,2,6,7.98,0.02
14,Galaxy,Walk,2,7,15.84,0.01
14,Galaxy,Walk,2,8,11.68,0.02
14,Galaxy,Walk,2,9,16.24,0.05
14,Galaxy,Walk,2,10,22.26,0.09
14,Galaxy,Walk,2,11,15.38,0.04
14,Galaxy,Walk,2,12,6.67,0.05
14,Galaxy,Walk,2,13,8.75,0.04
14,Galaxy,Walk,2,14,10.94,0.05
14,Galaxy,Walk,2,15,14.63,0.02
14,Galaxy,Walk,2,16,3.58,0.03
14,Galaxy,Walk,2,17,13.26,0.08
14,Galaxy,Walk,2,18,5.41,0.08
14,Galaxy,Walk,2,19,6.46,0.06
14,Galaxy,Walk,2,20,19.69,0.05
15,Galaxy,Sit,2,1,23.78,0.03
15,Galaxy,Sit,2,2,24.02,0.01
15,Galaxy,Sit,2,3,19.88,0.04
15,Galaxy,Sit,2,4,27.28,0.04
15,Galaxy,Sit,2,5,27.26,0.01
15,Galaxy,Sit,2,6,24.74,0
15,Galaxy,Sit,2,7,26.13,0.03
15,Galaxy,Sit,2,8,21.88,0.03
15,Galaxy,Sit,2,9,24.13,0.02
15,Galaxy,Sit,2,10,20.98,0.01
15,Galaxy,Sit,2,11,19.36,0
15,Galaxy,Sit,2,12,23.49,0.01
15,Galaxy,Sit,2,13,24.63,0
15,Galaxy,Sit,2,14,22.67,0.03
15,Galaxy,Sit,2,15,26.14,0.01
15,Galaxy,Sit,2,16,27.16,0
15,Galaxy,Sit,2,17,24.78,0.01
15,Galaxy,Sit,2,18,24.21,0.03
15,Galaxy,Sit,2,19,24,0.03
15,Galaxy,Sit,2,20,23.23,0.03
15,Galaxy,Stand,1,1,26.53,0.03
15,Galaxy,Stand,1,2,21.88,0.06
15,Galaxy,Stand,1,3,21.17,0.05
15,Galaxy,Stand,1,4,20.55,0.01
15,Galaxy,Stand,1,5,18.59,0.02
15,Galaxy,Stand,1,6,22.65,0.04
15,Galaxy,Stand,1,7,18.38,0.02
15,Galaxy,Stand,1,8,18.54,0.09
15,Galaxy,Stand,1,9,24.82,0.03
15,Galaxy,Stand,1,10,21.29,0.06
15,Galaxy,Stand,1,11,19.71,0.03
15,Galaxy,Stand,1,12,20.41,0.02
15,Galaxy,Stand,1,13,17.24,0.03
15,Galaxy,Stand,1,14,22.32,0.05
15,Galaxy,Stand,1,15,21.73,0.02
15,Galaxy,Stand,1,16,23.82,0.03
15,Galaxy,Stand,1,17,19.06,0.04
15,Galaxy,Stand,1,18,25.01,0.01
15,Galaxy,Stand,1,19,17.03,0.06
15,Galaxy,Stand,1,20,19.48,0.04
15,Galaxy,Walk,3,1,16.06,0.08
15,Galaxy,Walk,3,2,10.6,0.08
15,Galaxy,Walk,3,3,15.93,0.08
15,Galaxy,Walk,3,4,8.3,0.08
15,Galaxy,Walk,3,5,12.02,0.08
15,Galaxy,Walk,3,6,5.86,0.05
15,Galaxy,Walk,3,7,19.08,0.06
15,Galaxy,Walk,3,8,17.04,0.06
15,Galaxy,Walk,3,9,8.06,0.11
15,Galaxy,Walk,3,10,9.81,0.07
15,Galaxy,Walk,3,11,11.88,0.12
15,Galaxy,Walk,3,12,11.08,0.04
15,Galaxy,Walk,3,13,7.12,0.05
15,Galaxy,Walk,3,14,7.37,0.05
15,Galaxy,Walk,3,15,9.36,0.02
15,Galaxy,Walk,3,16,12.81,0.06
15,Galaxy,Walk,3,17,15.99,0.07
15,Galaxy,Walk,3,18,13.08,0.08
15,Galaxy,Walk,3,19,7.26,0.11
15,Galaxy,Walk,3,20,11.59,0.04
16,Galaxy,Sit,2,1,24.71,0.01
16,Galaxy,Sit,2,2,25.23,0.04
16,Galaxy,Sit,2,3,25.48,0.02
16,Galaxy,Sit,2,4,22.88,0.01
16,Galaxy,Sit,2,5,21.06,0.01
16,Galaxy,Sit,2,6,19.91,0
16,Galaxy,Sit,2,7,25.71,0.02
16,Galaxy,Sit,2,8,23.54,0
16,Galaxy,Sit,2,9,23.47,0.01
16,Galaxy,Sit,2,10,25.85,0
16,Galaxy,Sit,2,11,20.57,0.01
16,Galaxy,Sit,2,12,25.66,0.01
16,Galaxy,Sit,2,13,23.98,0.04
16,Galaxy,Sit,2,14,24.36,0.01
16,Galaxy,Sit,2,15,24.29,0.03
16,Galaxy,Sit,2,16,21.62,0.06
16,Galaxy,Sit,2,17,21.86,0.01
16,Galaxy,Sit,2,18,23.4,0.04
16,Galaxy,Sit,2,19,22.55,0.02
16,Galaxy,Sit,2,20,23.24,0.01
16,Galaxy,Stand,3,1,22.55,0.04
16,Galaxy,Stand,3,2,20.52,0.02
16,Galaxy,Stand,3,3,14.09,0.02
16,Galaxy,Stand,3,4,19.09,0.04
16,Galaxy,Stand,3,5,23.33,0.01
16,Galaxy,Stand,3,6,24.57,0.02
16,Galaxy,Stand,3,7,18.48,0.02
16,Galaxy,Stand,3,8,19.56,0.04
16,Galaxy,Stand,3,9,21.34,0.02
16,Galaxy,Stand,3,10,23.34,0.04
16,Galaxy,Stand,3,11,22.38,0.04
16,Galaxy,Stand,3,12,18.8,0.02
16,Galaxy,Stand,3,13,21.76,0.02
16,Galaxy,Stand,3,14,20.42,0.02
16,Galaxy,Stand,3,15,20.37,0.04
16,Galaxy,Stand,3,16,23.23,0.02
16,Galaxy,Stand,3,17,17.13,0.01
16,Galaxy,Stand,3,18,18.42,0.05
16,Galaxy,Stand,3,19,21.02,0.03
16,Galaxy,Stand,3,20,22.48,0.03
16,Galaxy,Walk,1,1,4.72,0.03
16,Galaxy,Walk,1,2,12.36,0.05
16,Galaxy,Walk,1,3,19.43,0.06
16,Galaxy,Walk,1,4,11.88,0.07
16,Galaxy,Walk,1,5,9.6,0.06
16,Galaxy,Walk,1,6,20.93,0.11
16,Galaxy,Walk,1,7,23.88,0.06
16,Galaxy,Walk,1,8,9.6,0.04
16,Galaxy,Walk,1,9,8.36,0.06
16,Galaxy,Walk,1,10,9.01,0.09
16,Galaxy,Walk,1,11,16.65,0.07
16,Galaxy,Walk,1,12,12.43,0.03
16,Galaxy,Walk,1,13,10.93,0.05
16,Galaxy,Walk,1,14,17.15,0.11
16,Galaxy,Walk,1,15,8.05,0.02
16,Galaxy,Walk,1,16,8.99,0.08
16,Galaxy,Walk,1,17,9.76,0.06
16,Galaxy,Walk,1,18,12.52,0.03
16,Galaxy,Walk,1,19,3.3,0.06
16,Galaxy,Walk,1,20,9.32,0.08
17,Galaxy,Sit,3,1,24.99,0.01
17,Galaxy,Sit,3,2,23.19,0.02
17,Galaxy,Sit,3,3,24.11,0.01
17,Galaxy,Sit,3,4,20.97,0.05
17,Galaxy,Sit,3,5,22.58,0.01
17,Galaxy,Sit,3,6,25.68,0.01
17,Galaxy,Sit,3,7,22.09,0.03
17,Galaxy,Sit,3,8,25.19,0.01
17,Galaxy,Sit,3,9,23.41,0.03
17,Galaxy,Sit,3,10,24.32,0
17,Galaxy,Sit,3,11,22.33,0
17,Galaxy,Sit,3,12,26.85,0
17,Galaxy,Sit,3,13,22.29,0.01
17,Galaxy,Sit,3,14,22.66,0.03
17,Galaxy,Sit,3,15,23.22,0
17,Galaxy,Sit,3,16,25.66,0.04
17,Galaxy,Sit,3,17,19.06,0.04
17,Galaxy,Sit,3,18,23.65,0.02
17,Galaxy,Sit,3,19,24.38,0.04
17,Galaxy,Sit,3,20,24.49,0.02
17,Galaxy,Stand,1,1,19.76,0.03
17,Galaxy,Stand,1,2,19.83,0
17,Galaxy,Stand,1,3,24.4,0.04
17,Galaxy,Stand,1,4,19.09,0.03
17,Galaxy,Stand,1,5,21.8,0.05
17,Galaxy,Stand,1,6,19.84,0.05
17,Galaxy,Stand,1,7,19.67,0.03
17,Galaxy,Stand,1,8,17.97,0.05
17,Galaxy,Stand,1,9,18.06,0.03
17,Galaxy,Stand,1,10,24.47,0.03
17,Galaxy,Stand,1,11,24.09,0.03
17,Galaxy,Stand,1,12,18.77,0.02
17,Galaxy,Stand,1,13,31.18,0.03
17,Galaxy,Stand,1,14,16.81,0.04
17,Galaxy,Stand,1,15,18.77,0.03
17,Galaxy,Stand,1,16,21.97,0.04
17,Galaxy,Stand,1,17,18.96,0.04
17,Galaxy,Stand,1,18,22.67,0.06
17,Galaxy,Stand,1,19,21.86,0.05
17,Galaxy,Stand,1,20,21.25,0.04
17,Galaxy,Walk,2,1,23.44,0.12
17,Galaxy,Walk,2,2,16.1,0.08
17,Galaxy,Walk,2,3,13.02,0.05
17,Galaxy,Walk,2,4,6.5,0.07
17,Galaxy,Walk,2,5,15.23,0.07
17,Galaxy,Walk,2,6,12.49,0.06
17,Galaxy,Walk,2,7,9.18,0.07
17,Galaxy,Walk,2,8,13.37,0.06
17,Galaxy,Walk,2,9,8.12,0.04
17,Galaxy,Walk,2,10,4.93,0.05
17,Galaxy,Walk,2,11,9.62,0.04
17,Galaxy,Walk,2,12,25.36,0.03
17,Galaxy,Walk,2,13,12.23,0.07
17,Galaxy,Walk,2,14,16.46,0.09
17,Galaxy,Walk,2,15,12.88,0.06
17,Galaxy,Walk,2,16,13.52,0.08
17,Galaxy,Walk,2,17,22.64,0.1
17,Galaxy,Walk,2,18,11.6,0.07
17,Galaxy,Walk,2,19,16.46,0.09
17,Galaxy,Walk,2,20,8.41,0.03
18,Galaxy,Sit,3,1,21.9,0.01
18,Galaxy,Sit,3,2,22.38,0.01
18,Galaxy,Sit,3,3,25.15,0.03
18,Galaxy,Sit,3,4,24.64,0.02
18,Galaxy,Sit,3,5,23.17,0.02
18,Galaxy,Sit,3,6,21.45,0.02
18,Galaxy,Sit,3,7,24.52,0.01
18,Galaxy,Sit,3,8,22.99,0.06
18,Galaxy,Sit,3,9,25.46,0.02
18,Galaxy,Sit,3,10,26.4,0.02
18,Galaxy,Sit,3,11,22.77,0.01
18,Galaxy,Sit,3,12,28.65,0.03
18,Galaxy,Sit,3,13,25.01,0.02
18,Galaxy,Sit,3,14,26.13,0.06
18,Galaxy,Sit,3,15,25.57,0.01
18,Galaxy,Sit,3,16,25.93,0.01
18,Galaxy,Sit,3,17,21.03,0.04
18,Galaxy,Sit,3,18,23.79,0.01
18,Galaxy,Sit,3,19,26.18,0.02
18,Galaxy,Sit,3,20,24.98,0.02
18,Galaxy,Stand,2,1,26.73,0.03
18,Galaxy,Stand,2,2,17.7,0.04
18,Galaxy,Stand,2,3,20.37,0.03
18,Galaxy,Stand,2,4,16.52,0.06
18,Galaxy,Stand,2,5,21.11,0.02
18,Galaxy,Stand,2,6,32.98,0.03
18,Galaxy,Stand,2,7,23.89,0.02
18,Galaxy,Stand,2,8,22.98,0.03
18,Galaxy,Stand,2,9,21.66,0.07
18,Galaxy,Stand,2,10,23.68,0.03
18,Galaxy,Stand,2,11,24.33,0.02
18,Galaxy,Stand,2,12,21.19,0.01
18,Galaxy,Stand,2,13,20.55,0.01
18,Galaxy,Stand,2,14,19.07,0.01
18,Galaxy,Stand,2,15,24.4,0.04
18,Galaxy,Stand,2,16,19.64,0.06
18,Galaxy,Stand,2,17,21.88,0.08
18,Galaxy,Stand,2,18,21.21,0.02
18,Galaxy,Stand,2,19,22.58,0
18,Galaxy,Stand,2,20,22.68,0.01
18,Galaxy,Walk,1,1,11.4,0.09
18,Galaxy,Walk,1,2,16.57,0.11
18,Galaxy,Walk,1,3,9.48,0.06
18,Galaxy,Walk,1,4,5.62,0.08
18,Galaxy,Walk,1,5,17.39,0.05
18,Galaxy,Walk,1,6,14.29,0.06
18,Galaxy,Walk,1,7,18.41,0.04
18,Galaxy,Walk,1,8,18.25,0.06
18,Galaxy,Walk,1,9,9.54,0.07
18,Galaxy,Walk,1,10,5.05,0.08
18,Galaxy,Walk,1,11,5.66,0.09
18,Galaxy,Walk,1,12,13.76,0.08
18,Galaxy,Walk,1,13,1.6,0.14
18,Galaxy,Walk,1,14,5.66,0.06
18,Galaxy,Walk,1,15,9.91,0.05
18,Galaxy,Walk,1,16,12.74,0.06
18,Galaxy,Walk,1,17,17.77,0.03
18,Galaxy,Walk,1,18,8.97,0.03
18,Galaxy,Walk,1,19,12.18,0.09
18,Galaxy,Walk,1,20,12.89,0.01
19,Galaxy,Sit,1,1,24.75,0.01
19,Galaxy,Sit,1,2,25.6,0.04
19,Galaxy,Sit,1,3,23.89,0.03
19,Galaxy,Sit,1,4,22.5,0.01
19,Galaxy,Sit,1,5,26.99,0.01
19,Galaxy,Sit,1,6,23.92,0.01
19,Galaxy,Sit,1,7,21.66,0
19,Galaxy,Sit,1,8,24.4,0.05
19,Galaxy,Sit,1,9,26.97,0.03
19,Galaxy,Sit,1,10,22.72,0.02
19,Galaxy,Sit,1,11,23.6,0.03
19,Galaxy,Sit,1,12,23.23,0.01
19,Galaxy,Sit,1,13,26.28,0.02
19,Galaxy,Sit,1,14,27.3,0
19,Galaxy,Sit,1,15,26.99,0.03
19,Galaxy,Sit,1,16,19.79,0.01
19,Galaxy,Sit,1,17,24.1,0.04
19,Galaxy,Sit,1,18,23.03,0.02
19,Galaxy,Sit,1,19,24.13,0.02
19,Galaxy,Sit,1,20,25.94,0.01
19,Galaxy,Stand,2,1,22.85,0.02
19,Galaxy,Stand,2,2,16.55,0.04
19,Galaxy,Stand,2,3,21.95,0
19,Galaxy,Stand,2,4,24.55,0.03
19,Galaxy,Stand,2,5,21.2,0.03
19,Galaxy,Stand,2,6,19.65,0.04
19,Galaxy,Stand,2,7,19.25,0.03
19,Galaxy,Stand,2,8,22.29,0.05
19,Galaxy,Stand,2,9,25.16,0.01
19,Galaxy,Stand,2,10,22.7,0.04
19,Galaxy,Stand,2,11,21.72,0.04
19,Galaxy,Stand,2,12,22.4,0.02
19,Galaxy,Stand,2,13,22.58,0.03
19,Galaxy,Stand,2,14,18.57,0.04
19,Galaxy,Stand,2,15,16.27,0.03
19,Galaxy,Stand,2,16,22.11,0.03
19,Galaxy,Stand,2,17,27.11,0.03
19,Galaxy,Stand,2,18,24.63,0.03
19,Galaxy,Stand,2,19,27.65,0.02
19,Galaxy,Stand,2,20,21.83,0.02
19,Galaxy,Walk,3,1,8.34,0.07
19,Galaxy,Walk,3,2,11.71,0.02
19,Galaxy,Walk,3,3,8.45,0.09
19,Galaxy,Walk,3,4,10.03,0.09
19,Galaxy,Walk,3,5,3.33,0.05
19,Galaxy,Walk,3,6,1.65,0.06
19,Galaxy,Walk,3,7,14.96,0.06
19,Galaxy,Walk,3,8,7.1,0.05
19,Galaxy,Walk,3,9,7.54,0.06
19,Galaxy,Walk,3,10,7.9,0.08
19,Galaxy,Walk,3,11,7.63,0.06
19,Galaxy,Walk,3,12,6.31,0.05
19,Galaxy,Walk,3,13,14.01,0.11
19,Galaxy,Walk,3,14,1.22,0.05
19,Galaxy,Walk,3,15,17.4,0.03
19,Galaxy,Walk,3,16,15.09,0.05
19,Galaxy,Walk,3,17,12.63,0.07
19,Galaxy,Walk,3,18,14.09,0.1
19,Galaxy,Walk,3,19,17.23,0.08
19,Galaxy,Walk,3,20,2.45,0.07
20,Galaxy,Sit,1,1,24.35,0
20,Galaxy,Sit,1,2,26.13,0.02
20,Galaxy,Sit,1,3,23.78,0.01
20,Galaxy,Sit,1,4,23.37,0.04
20,Galaxy,Sit,1,5,25.51,0.03
20,Galaxy,Sit,1,6,25.62,0.02
20,Galaxy,Sit,1,7,23.21,0.03
20,Galaxy,Sit,1,8,23.7,0.03
20,Galaxy,Sit,1,9,18.66,0.02
20,Galaxy,Sit,1,10,22.35,0.03
20,Galaxy,Sit,1,11,29.25,0.01
20,Galaxy,Sit,1,12,23.75,0.01
20,Galaxy,Sit,1,13,22.18,0.06
20,Galaxy,Sit,1,14,22.5,0.01
20,Galaxy,Sit,1,15,21.92,0.02
20,Galaxy,Sit,1,16,25.7,0.04
20,Galaxy,Sit,1,17,25.01,0.01
20,Galaxy,Sit,1,18,20.05,0.03
20,Galaxy,Sit,1,19,21.79,0.04
20,Galaxy,Sit,1,20,22.7,0.01
20,Galaxy,Stand,3,1,23.12,0.01
20,Galaxy,Stand,3,2,25.09,0.02
20,Galaxy,Stand,3,3,18.67,0.03
20,Galaxy,Stand,3,4,15.95,0.02
20,Galaxy,Stand,3,5,24.51,0.02
20,Galaxy,Stand,3,6,22.21,0.03
20,Galaxy,Stand,3,7,20.08,0.02
20,Galaxy,Stand,3,8,16.12,0.03
20,Galaxy,Stand,3,9,23.78,0.02
20,Galaxy,Stand,3,10,22.01,0
20,Galaxy,Stand,3,11,21.53,0.01
20,Galaxy,Stand,3,12,23.07,0.06
20,Galaxy,Stand,3,13,23.69,0.05
20,Galaxy,Stand,3,14,20.62,0.03
20,Galaxy,Stand,3,15,24.11,0.02
20,Galaxy,Stand,3,16,18.63,0.03
20,Galaxy,Stand,3,17,20.41,0.04
20,Galaxy,Stand,3,18,15.14,0.02
20,Galaxy,Stand,3,19,25.25,0.02
20,Galaxy,Stand,3,20,20.83,0.02
20,Galaxy,Walk,2,1,16.96,0.08
20,Galaxy,Walk,2,2,14.52,0.09
20,Galaxy,Walk,2,3,7.52,0.09
20,Galaxy,Walk,2,4,14.32,0.11
20,Galaxy,Walk,2,5,6.24,0.06
20,Galaxy,Walk,2,6,15.57,0.07
20,Galaxy,Walk,2,7,0.63,0.06
20,Galaxy,Walk,2,8,11.89,0.03
20,Galaxy,Walk,2,9,2.06,0.07
20,Galaxy,Walk,2,10,14.6,0.03
20,Galaxy,Walk,2,11,18.71,0.09
20,Galaxy,Walk,2,12,7.36,0.04
20,Galaxy,Walk,2,13,11.45,0.06
20,Galaxy,Walk,2,14,8.92,0.08
20,Galaxy,Walk,2,15,17.38,0.08
20,Galaxy,Walk,2,16,6.94,0.08
20,Galaxy,Walk,2,17,10.84,0.03
20,Galaxy,Walk,2,18,14.64,0.05
20,Galaxy,Walk,2,19,4.29,0.06
20,Galaxy,Walk,2,20,15.92,0.07
21,Galaxy,Sit,2,1,25.19,0.03
21,Galaxy,Sit,2,2,27.96,0.02
21,Galaxy,Sit,2,3,22.45,0.01
21,Galaxy,Sit,2,4,24.19,0
21,Galaxy,Sit,2,5,23.08,0.04
21,Galaxy,Sit,2,6,25.03,0.02
21,Galaxy,Sit,2,7,26.89,0.02
21,Galaxy,Sit,2,8,20.33,0.01
21,Galaxy,Sit,2,9,24.35,0.02
21,Galaxy,Sit,2,10,26.54,0
21,Galaxy,Sit,2,11,23.5,0.01
21,Galaxy,Sit,2,12,25.79,0.05
21,Galaxy,Sit,2,13,25.43,0.05
21,Galaxy,Sit,2,14,25.32,0.02
21,Galaxy,Sit,2,15,24.28,0
21,Galaxy,Sit,2,16,24.52,0.02
21,Galaxy,Sit,2,17,22.43,0.02
21,Galaxy,Sit,2,18,28.51,0.03
21,Galaxy,Sit,2,19,28.72,0.01
21,Galaxy,Sit,2,20,23.13,0.03
21,Galaxy,Stand,1,1,20.03,0.01
21,Galaxy,Stand,1,2,24.45,0.04
21,Galaxy,Stand,1,3,20.92,0.04
21,Galaxy,Stand,1,4,22.84,0.03
21,Galaxy,Stand,1,5,18.56,0.07
21,Galaxy,Stand,1,6,21.35,0.04
21,Galaxy,Stand,1,7,16.83,0.01
21,Galaxy,Stand,1,8,16.82,0.07
21,Galaxy,Stand,1,9,17.46,0.05
21,Galaxy,Stand,1,10,23.62,0.03
21,Galaxy,Stand,1,11,18.78,0
21,Galaxy,Stand,1,12,22.01,0.01
21,Galaxy,Stand,1,13,25.76,0.03
21,Galaxy,Stand,1,14,21.27,0.01
21,Galaxy,Stand,1,15,22.23,0.02
21,Galaxy,Stand,1,16,20.31,0.04
21,Galaxy,Stand,1,17,21.09,0.03
21,Galaxy,Stand,1,18,24.58,0.05
21,Galaxy,Stand,1,19,22.7,0.05
21,Galaxy,Stand,1,20,17.26,0.03
21,Galaxy,Walk,3,1,10.49,0.06
21,Galaxy,Walk,3,2,9.75,0.04
21,Galaxy,Walk,3,3,17.82,0.04
21,Galaxy,Walk,3,4,7.44,0.03
21,Galaxy,Walk,3,5,10.17,0.11
21,Galaxy,Walk,3,6,11.61,0.11
21,Galaxy,Walk,3,7,8.19,0.02
21,Galaxy,Walk,3,8,14.14,0.04
21,Galaxy,Walk,3,9,15.82,0.13
21,Galaxy,Walk,3,10,16.86,0.06
21,Galaxy,Walk,3,11,7.83,0.08
21,Galaxy,Walk,3,12,11.44,0.03
21,Galaxy,Walk,3,13,13.44,0.1
21,Galaxy,Walk,3,14,11.74,0.07
21,Galaxy,Walk,3,15,10.32,0.07
21,Galaxy,Walk,3,16,17,0.05
21,Galaxy,Walk,3,17,10.38,0.1
21,Galaxy,Walk,3,18,22.64,0.08
21,Galaxy,Walk,3,19,10.11,0.06
21,Galaxy,Walk,3,20,10.39,0.08
22,Galaxy,Sit,2,1,24.8,0.02
22,Galaxy,Sit,2,2,23.21,0.02
22,Galaxy,Sit,2,3,24.44,0
22,Galaxy,Sit,2,4,25.09,0.02
22,Galaxy,Sit,2,5,23.79,0.01
22,Galaxy,Sit,2,6,23.32,0.03
22,Galaxy,Sit,2,7,23.39,0.01
22,Galaxy,Sit,2,8,24.3,0.01
22,Galaxy,Sit,2,9,24.05,0.01
22,Galaxy,Sit,2,10,20.59,0
22,Galaxy,Sit,2,11,21.37,0
22,Galaxy,Sit,2,12,24.59,0.02
22,Galaxy,Sit,2,13,22.67,0.03
22,Galaxy,Sit,2,14,24.95,0.02
22,Galaxy,Sit,2,15,22.51,0.01
22,Galaxy,Sit,2,16,21.96,0.03
22,Galaxy,Sit,2,17,24.09,0
22,Galaxy,Sit,2,18,23.29,0.01
22,Galaxy,Sit,2,19,23.58,0.02
22,Galaxy,Sit,2,20,21.47,0.03
22,Galaxy,Stand,3,1,21.64,0.08
22,Galaxy,Stand,3,2,19.68,0.01
22,Galaxy,Stand,3,3,20.82,0.02
22,Galaxy,Stand,3,4,17.42,0.04
22,Galaxy,Stand,3,5,24.2,0.04
22,Galaxy,Stand,3,6,19.24,0.03
22,Galaxy,Stand,3,7,29.06,0.01
22,Galaxy,Stand,3,8,24.67,0.04
22,Galaxy,Stand,3,9,19.84,0.06
22,Galaxy,Stand,3,10,23.56,0.02
22,Galaxy,Stand,3,11,20.44,0.06
22,Galaxy,Stand,3,12,20.27,0.03
22,Galaxy,Stand,3,13,24.47,0.03
22,Galaxy,Stand,3,14,23.12,0.04
22,Galaxy,Stand,3,15,23.74,0.02
22,Galaxy,Stand,3,16,23.39,0.01
22,Galaxy,Stand,3,17,24.42,0.06
22,Galaxy,Stand,3,18,22.05,0.05
22,Galaxy,Stand,3,19,16.79,0.04
22,Galaxy,Stand,3,20,16.68,0.02
22,Galaxy,Walk,1,1,12.27,0.07
22,Galaxy,Walk,1,2,18.07,0.03
22,Galaxy,Walk,1,3,18.38,0.06
22,Galaxy,Walk,1,4,20.76,0.04
22,Galaxy,Walk,1,5,14.21,0.06
22,Galaxy,Walk,1,6,17.5,0.06
22,Galaxy,Walk,1,7,15.72,0.09
22,Galaxy,Walk,1,8,6.04,0.06
22,Galaxy,Walk,1,9,13.36,0.04
22,Galaxy,Walk,1,10,3.9,0.06
22,Galaxy,Walk,1,11,21.06,0.05
22,Galaxy,Walk,1,12,13.01,0.06
22,Galaxy,Walk,1,13,6.9,0.03
22,Galaxy,Walk,1,14,16.13,0.06
22,Galaxy,Walk,1,15,5.01,0.11
22,Galaxy,Walk,1,16,25.29,0.07
22,Galaxy,Walk,1,17,9.95,0.09
22,Galaxy,Walk,1,18,11.07,0.06
22,Galaxy,Walk,1,19,6.92,0.03
22,Galaxy,Walk,1,20,24.99,0.08
23,Galaxy,Sit,3,1,27.72,0
23,Galaxy,Sit,3,2,21.82,0.01
23,Galaxy,Sit,3,3,25.93,0
23,Galaxy,Sit,3,4,28.08,0.03
23,Galaxy,Sit,3,5,22.59,0.04
23,Galaxy,Sit,3,6,22.56,0.02
23,Galaxy,Sit,3,7,21.17,0.02
23,Galaxy,Sit,3,8,24.73,0
23,Galaxy,Sit,3,9,24.56,0.01
23,Galaxy,Sit,3,10,24.29,0.01
23,Galaxy,Sit,3,11,24.15,0.02
23,Galaxy,Sit,3,12,24.55,0.05
23,Galaxy,Sit,3,13,22.28,0.01
23,Galaxy,Sit,3,14,23.79,0.03
23,Galaxy,Sit,3,15,24.83,0.02
23,Galaxy,Sit,3,16,23.05,0.02
23,Galaxy,Sit,3,17,21.82,0.02
23,Galaxy,Sit,3,18,23.13,0.05
23,Galaxy,Sit,3,19,24.71,0
23,Galaxy,Sit,3,20,25.28,0.02
23,Galaxy,Stand,1,1,22.06,0.03
23,Galaxy,Stand,1,2,16.2,0.04
23,Galaxy,Stand,1,3,19.92,0.02
23,Galaxy,Stand,1,4,17.42,0.08
23,Galaxy,Stand,1,5,17.25,0.02
23,Galaxy,Stand,1,6,18.03,0.02
23,Galaxy,Stand,1,7,18.34,0.01
23,Galaxy,Stand,1,8,22.43,0.03
23,Galaxy,Stand,1,9,23.33,0.01
23,Galaxy,Stand,1,10,20.63,0.06
23,Galaxy,Stand,1,11,22.73,0.04
23,Galaxy,Stand,1,12,18.6,0.02
23,Galaxy,Stand,1,13,16.96,0.02
23,Galaxy,Stand,1,14,17.72,0.04
23,Galaxy,Stand,1,15,16.6,0.01
23,Galaxy,Stand,1,16,20.05,0.03
23,Galaxy,Stand,1,17,18.7,0.02
23,Galaxy,Stand,1,18,14.72,0.01
23,Galaxy,Stand,1,19,17.46,0.03
23,Galaxy,Stand,1,20,23.44,0.02
23,Galaxy,Walk,2,1,13.9,0.08
23,Galaxy,Walk,2,2,18.7,0.08
23,Galaxy,Walk,2,3,10.24,0.12
23,Galaxy,Walk,2,4,17.9,0.03
23,Galaxy,Walk,2,5,8.57,0.04
23,Galaxy,Walk,2,6,6,0.05
23,Galaxy,Walk,2,7,14.06,0.04
23,Galaxy,Walk,2,8,13.41,0.08
23,Galaxy,Walk,2,9,11.57,0.08
23,Galaxy,Walk,2,10,13.54,0.04
23,Galaxy,Walk,2,11,8.59,0.05
23,Galaxy,Walk,2,12,14.32,0.02
23,Galaxy,Walk,2,13,12.13,0.08
23,Galaxy,Walk,2,14,9.79,0.02
23,Galaxy,Walk,2,15,12.81,0.07
23,Galaxy,Walk,2,16,10.17,0.03
23,Galaxy,Walk,2,17,9.71,0.06
23,Galaxy,Walk,2,18,17.44,0.06
23,Galaxy,Walk,2,19,16.17,0.06
23,Galaxy,Walk,2,20,17.69,0.02
24,Galaxy,Sit,3,1,24.11,0.03
24,Galaxy,Sit,3,2,19.54,0.02
24,Galaxy,Sit,3,3,24.8,0.01
24,Galaxy,Sit,3,4,27.16,0
24,Galaxy,Sit,3,5,23.28,0.01
24,Galaxy,Sit,3,6,22.5,0.04
24,Galaxy,Sit,3,7,21.99,0.01
24,Galaxy,Sit,3,8,23.19,0.04
24,Galaxy,Sit,3,9,21.28,0.03
24,Galaxy,Sit,3,10,23,0
24,Galaxy,Sit,3,11,23.96,0.01
24,Galaxy,Sit,3,12,22.33,0.02
24,Galaxy,Sit,3,13,22.68,0
24,Galaxy,Sit,3,14,24.92,0.04
24,Galaxy,Sit,3,15,29.16,0.01
24,Galaxy,Sit,3,16,25.28,0.02
24,Galaxy,Sit,3,17,23.99,0.03
24,Galaxy,Sit,3,18,23.95,0.01
24,Galaxy,Sit,3,19,26.6,0.01
24,Galaxy,Sit,3,20,26.9,0
24,Galaxy,Stand,2,1,23.42,0.03
24,Galaxy,Stand,2,2,24.42,0.01
24,Galaxy,Stand,2,3,21.21,0.03
24,Galaxy,Stand,2,4,25.83,0.03
24,Galaxy,Stand,2,5,18.03,0.02
24,Galaxy,Stand,2,6,20.83,0.05
24,Galaxy,Stand,2,7,24.57,0.02
24,Galaxy,Stand,2,8,24.53,0.05
24,Galaxy,Stand,2,9,24.73,0.02
24,Galaxy,Stand,2,10,23.89,0.03
24,Galaxy,Stand,2,11,20.33,0.02
24,Galaxy,Stand,2,12,19.07,0.07
24,Galaxy,Stand,2,13,21.21,0.04
24,Galaxy,Stand,2,14,23.15,0.01
24,Galaxy,Stand,2,15,24.59,0.04
24,Galaxy,Stand,2,16,17.97,0.02
24,Galaxy,Stand,2,17,19.56,0.05
24,Galaxy,Stand,2,18,19.09,0.02
24,Galaxy,Stand,2,19,13.52,0.01
24,Galaxy,Stand,2,20,19.93,0.04
24,Galaxy,Walk,1,1,11.35,0.08
24,Galaxy,Walk,1,2,7.41,0.06
24,Galaxy,Walk,1,3,13.68,0.07
24,Galaxy,Walk,1,4,11.19,0.05
24,Galaxy,Walk,1,5,16.31,0.06
24,Galaxy,Walk,1,6,11.76,0.04
24,Galaxy,Walk,1,7,16,0.03
24,Galaxy,Walk,1,8,12.74,0.06
24,Galaxy,Walk,1,9,4.78,0.05
24,Galaxy,Walk,1,10,9.83,0.07
24,Galaxy,Walk,1,11,13.37,0.05
24,Galaxy,Walk,1,12,10.89,0.05
24,Galaxy,Walk,1,13,19.26,0.07
24,Galaxy,Walk,1,14,11.67,0.08
24,Galaxy,Walk,1,15,16.5,0.04
24,Galaxy,Walk,1,16,14.3,0.15
24,Galaxy,Walk,1,17,6.54,0.03
24,Galaxy,Walk,1,18,16.01,0.04
24,Galaxy,Walk,1,19,19.52,0.06
24,Galaxy,Walk,1,20,8.81,0.05
